<!DOCTYPE hibernate-configuration PUBLIC
        "-//Hibernate/Hibernate Configuration DTD 3.0//EN"
        "http://www.hibernate.org/dtd/hibernate-configuration-3.0.dtd">

<hibernate-configuration>

    <session-factory>
        <!-- JDBC Database connection settings -->
        <property name="hibernate.connection.driver_class">org.postgresql.Driver</property>
        <property name="hibernate.connection.url">jdbc:postgresql://localhost:5432/instructordb</property>
        <property name="hibernate.connection.username">postgres</property>
        <property name="hibernate.connection.password">Sonaramanavel@5</property>


        <!-- JDBC connection pool settings ... using built-in test pool -->
        <property name="connection.pool_size">1</property>
        <!-- Select our SQL dialect -->
        <property name="show_sql">true</property>
        <!-- Set the current session context -->
        <property name="current_session_context_class">thread</property>
        <!-- Drop and re-create the database schema on startup -->
<!--        <property name="hbm2ddl.auto">create</property>-->
        <!-- dbcp connection pool configuration -->

        <!-- SQL dialect -->

<!--        <mapping class="com.synergyfolks.company.Instructor" />-->
    </session-factory>
</hibernate-configuration>